Region,Sales,Profit,Discount
Central,163797.1638,-2871.0494,0.2973804573804574
East,208291.204,3046.1658,0.15407653910149752
South,117298.684,6771.2061,0.12153614457831326
West,252612.7435,11504.9503,0.1314002828854314
